Date,Time,TempInSitu,AbsPressure,Depth,LoggerID
2022-06-03,07:50:00,26,105.281,0.399,WL_876_VSled_20220603
2022-06-03,07:52:00,26,105.074,0.378,WL_876_VSled_20220603
2022-06-03,07:54:00,26,105.109,0.382,WL_876_VSled_20220603
2022-06-03,07:56:00,26,105.556,0.427,WL_876_VSled_20220603
2022-06-03,07:58:00,26,105.298,0.401,WL_876_VSled_20220603
2022-06-03,08:00:00,26,105.178,0.389,WL_876_VSled_20220603
2022-06-03,08:02:00,26,105.092,0.38,WL_876_VSled_20220603
2022-06-03,08:04:00,26,104.799,0.35,WL_876_VSled_20220603
2022-06-03,08:06:00,26,105.005,0.371,WL_876_VSled_20220603
2022-06-03,08:08:00,26,104.868,0.357,WL_876_VSled_20220603
2022-06-03,08:10:00,26.097,104.888,0.359,WL_876_VSled_20220603
2022-06-03,08:12:00,26.097,105.111,0.382,WL_876_VSled_20220603
2022-06-03,08:14:00,26.097,105.37,0.409,WL_876_VSled_20220603
2022-06-03,08:16:00,26.097,104.905,0.361,WL_876_VSled_20220603
2022-06-03,08:18:00,26.097,105.438,0.416,WL_876_VSled_20220603
2022-06-03,08:20:00,26.097,104.991,0.37,WL_876_VSled_20220603
2022-06-03,08:22:00,26.097,104.922,0.363,WL_876_VSled_20220603
2022-06-03,08:24:00,26.097,105.249,0.396,WL_876_VSled_20220603
2022-06-03,08:26:00,26.097,105.249,0.396,WL_876_VSled_20220603
2022-06-03,08:28:00,26.097,105.507,0.423,WL_876_VSled_20220603
2022-06-03,08:30:00,26.097,105.301,0.402,WL_876_VSled_20220603
2022-06-03,08:32:00,26.097,105.077,0.379,WL_876_VSled_20220603
2022-06-03,08:34:00,26.097,105.421,0.414,WL_876_VSled_20220603
2022-06-03,08:36:00,26.097,105.283,0.4,WL_876_VSled_20220603
2022-06-03,08:38:00,26.097,105.507,0.423,WL_876_VSled_20220603
2022-06-03,08:40:00,26.097,105.163,0.387,WL_876_VSled_20220603
2022-06-03,08:42:00,26.097,105.266,0.398,WL_876_VSled_20220603
2022-06-03,08:44:00,26.097,105.06,0.377,WL_876_VSled_20220603
2022-06-03,08:46:00,26.097,105.645,0.437,WL_876_VSled_20220603
2022-06-03,08:48:00,26.097,105.197,0.391,WL_876_VSled_20220603
2022-06-03,08:50:00,26.097,105.266,0.398,WL_876_VSled_20220603
2022-06-03,08:52:00,26.097,105.387,0.41,WL_876_VSled_20220603
2022-06-03,08:54:00,26.097,105.456,0.417,WL_876_VSled_20220603
2022-06-03,08:56:00,26.097,105.163,0.387,WL_876_VSled_20220603
2022-06-03,08:58:00,26.097,105.301,0.402,WL_876_VSled_20220603
2022-06-03,09:00:00,26.195,105.252,0.397,WL_876_VSled_20220603
2022-06-03,09:02:00,26.195,104.856,0.356,WL_876_VSled_20220603
2022-06-03,09:04:00,26.195,105.544,0.427,WL_876_VSled_20220603
2022-06-03,09:06:00,26.195,105.097,0.381,WL_876_VSled_20220603
2022-06-03,09:08:00,26.195,105.355,0.407,WL_876_VSled_20220603
2022-06-03,09:10:00,26.195,105.458,0.418,WL_876_VSled_20220603
2022-06-03,09:12:00,26.195,105.441,0.416,WL_876_VSled_20220603
2022-06-03,09:14:00,26.195,105.458,0.418,WL_876_VSled_20220603
2022-06-03,09:16:00,26.195,105.372,0.409,WL_876_VSled_20220603
2022-06-03,09:18:00,26.195,105.613,0.434,WL_876_VSled_20220603
2022-06-03,09:20:00,26.195,105.321,0.404,WL_876_VSled_20220603
2022-06-03,09:22:00,26.195,105.355,0.407,WL_876_VSled_20220603
2022-06-03,09:24:00,26.292,105.461,0.419,WL_876_VSled_20220603
2022-06-03,09:26:00,26.292,105.702,0.443,WL_876_VSled_20220603
2022-06-03,09:28:00,26.292,105.203,0.392,WL_876_VSled_20220603
2022-06-03,09:30:00,26.292,105.667,0.44,WL_876_VSled_20220603
2022-06-03,09:32:00,26.292,105.289,0.401,WL_876_VSled_20220603
2022-06-03,09:34:00,26.292,105.547,0.427,WL_876_VSled_20220603
2022-06-03,09:36:00,26.292,105.667,0.44,WL_876_VSled_20220603
2022-06-03,09:38:00,26.292,105.34,0.406,WL_876_VSled_20220603
2022-06-03,09:40:00,26.292,105.495,0.422,WL_876_VSled_20220603
2022-06-03,09:42:00,26.39,105.618,0.435,WL_876_VSled_20220603
2022-06-03,09:44:00,26.39,105.739,0.447,WL_876_VSled_20220603
2022-06-03,09:46:00,26.39,105.257,0.398,WL_876_VSled_20220603
2022-06-03,09:48:00,26.39,105.894,0.463,WL_876_VSled_20220603
2022-06-03,09:50:00,26.39,105.653,0.438,WL_876_VSled_20220603
2022-06-03,09:52:00,26.39,105.188,0.391,WL_876_VSled_20220603
2022-06-03,09:54:00,26.39,105.842,0.458,WL_876_VSled_20220603
2022-06-03,09:56:00,26.39,105.291,0.401,WL_876_VSled_20220603
2022-06-03,09:58:00,26.39,105.55,0.428,WL_876_VSled_20220603
2022-06-03,10:00:00,26.488,105.5,0.423,WL_876_VSled_20220603
2022-06-03,10:02:00,26.488,105.483,0.421,WL_876_VSled_20220603
2022-06-03,10:04:00,26.488,105.69,0.443,WL_876_VSled_20220603
2022-06-03,10:06:00,26.488,105.414,0.414,WL_876_VSled_20220603
2022-06-03,10:08:00,26.488,105.552,0.428,WL_876_VSled_20220603
2022-06-03,10:10:00,26.488,105.449,0.418,WL_876_VSled_20220603
2022-06-03,10:12:00,26.488,105.759,0.45,WL_876_VSled_20220603
2022-06-03,10:14:00,26.488,105.638,0.437,WL_876_VSled_20220603
2022-06-03,10:16:00,26.488,105.38,0.411,WL_876_VSled_20220603
2022-06-03,10:18:00,26.488,105.587,0.432,WL_876_VSled_20220603
2022-06-03,10:20:00,26.488,105.862,0.46,WL_876_VSled_20220603
2022-06-03,10:22:00,26.585,105.951,0.47,WL_876_VSled_20220603
2022-06-03,10:24:00,26.585,105.779,0.452,WL_876_VSled_20220603
2022-06-03,10:26:00,26.585,105.624,0.436,WL_876_VSled_20220603
2022-06-03,10:28:00,26.585,105.658,0.44,WL_876_VSled_20220603
2022-06-03,10:30:00,26.585,105.589,0.432,WL_876_VSled_20220603
2022-06-03,10:32:00,26.585,105.744,0.448,WL_876_VSled_20220603
2022-06-03,10:34:00,26.683,105.471,0.421,WL_876_VSled_20220603
2022-06-03,10:36:00,26.683,105.678,0.442,WL_876_VSled_20220603
2022-06-03,10:38:00,26.683,105.678,0.442,WL_876_VSled_20220603
2022-06-03,10:40:00,26.683,106.281,0.504,WL_876_VSled_20220603
2022-06-03,10:42:00,26.683,105.902,0.465,WL_876_VSled_20220603
2022-06-03,10:44:00,26.683,106.108,0.486,WL_876_VSled_20220603
2022-06-03,10:46:00,26.683,106.143,0.489,WL_876_VSled_20220603
2022-06-03,10:48:00,26.683,105.73,0.447,WL_876_VSled_20220603
2022-06-03,10:50:00,26.683,106.384,0.514,WL_876_VSled_20220603
2022-06-03,10:52:00,26.781,105.904,0.465,WL_876_VSled_20220603
2022-06-03,10:54:00,26.781,106.025,0.478,WL_876_VSled_20220603
2022-06-03,10:56:00,26.781,105.784,0.453,WL_876_VSled_20220603
2022-06-03,10:58:00,26.781,106.128,0.488,WL_876_VSled_20220603
2022-06-03,11:00:00,26.781,105.887,0.464,WL_876_VSled_20220603
2022-06-03,11:02:00,26.781,105.956,0.471,WL_876_VSled_20220603
2022-06-03,11:04:00,26.879,106.389,0.515,WL_876_VSled_20220603
2022-06-03,11:06:00,26.879,105.924,0.468,WL_876_VSled_20220603
2022-06-03,11:08:00,26.879,106.303,0.506,WL_876_VSled_20220603
2022-06-03,11:10:00,26.879,105.941,0.469,WL_876_VSled_20220603
2022-06-03,11:12:00,26.879,105.993,0.475,WL_876_VSled_20220603
2022-06-03,11:14:00,26.879,106.527,0.529,WL_876_VSled_20220603
2022-06-03,11:16:00,26.977,106.116,0.488,WL_876_VSled_20220603
2022-06-03,11:18:00,26.977,106.495,0.526,WL_876_VSled_20220603
2022-06-03,11:20:00,26.977,106.03,0.479,WL_876_VSled_20220603
2022-06-03,11:22:00,26.977,106.065,0.482,WL_876_VSled_20220603
2022-06-03,11:24:00,26.977,106.53,0.53,WL_876_VSled_20220603
2022-06-03,11:26:00,26.977,106.357,0.512,WL_876_VSled_20220603
2022-06-03,11:28:00,26.977,106.289,0.505,WL_876_VSled_20220603
2022-06-03,11:30:00,27.075,106.24,0.501,WL_876_VSled_20220603
2022-06-03,11:32:00,27.075,105.964,0.472,WL_876_VSled_20220603
2022-06-03,11:34:00,26.977,106.134,0.489,WL_876_VSled_20220603
2022-06-03,11:36:00,26.977,106.444,0.521,WL_876_VSled_20220603
2022-06-03,11:38:00,27.075,106.205,0.497,WL_876_VSled_20220603
2022-06-03,11:40:00,27.075,106.791,0.557,WL_876_VSled_20220603
2022-06-03,11:42:00,27.075,106.102,0.487,WL_876_VSled_20220603
2022-06-03,11:44:00,27.075,106.498,0.527,WL_876_VSled_20220603
2022-06-03,11:46:00,27.075,106.153,0.492,WL_876_VSled_20220603
2022-06-03,11:48:00,27.075,106.24,0.501,WL_876_VSled_20220603
2022-06-03,11:50:00,27.075,106.05,0.481,WL_876_VSled_20220603
2022-06-03,11:52:00,27.075,106.257,0.502,WL_876_VSled_20220603
2022-06-03,11:54:00,27.075,106.308,0.508,WL_876_VSled_20220603
2022-06-03,11:56:00,27.075,106.274,0.504,WL_876_VSled_20220603
2022-06-03,11:58:00,27.075,106.515,0.529,WL_876_VSled_20220603
2022-06-03,12:00:00,27.075,105.981,0.474,WL_876_VSled_20220603
2022-06-03,12:02:00,27.075,106.395,0.517,WL_876_VSled_20220603
2022-06-03,12:04:00,27.075,106.205,0.497,WL_876_VSled_20220603
2022-06-03,12:06:00,27.075,106.619,0.539,WL_876_VSled_20220603
2022-06-03,12:08:00,27.075,106.291,0.506,WL_876_VSled_20220603
2022-06-03,12:10:00,27.075,106.343,0.511,WL_876_VSled_20220603
2022-06-03,12:12:00,27.075,106.153,0.492,WL_876_VSled_20220603
2022-06-03,12:14:00,27.075,106.498,0.527,WL_876_VSled_20220603
2022-06-03,12:16:00,27.075,106.67,0.545,WL_876_VSled_20220603
2022-06-03,12:18:00,27.075,106.567,0.534,WL_876_VSled_20220603
2022-06-03,12:20:00,27.075,106.687,0.546,WL_876_VSled_20220603
2022-06-03,12:22:00,27.075,106.136,0.49,WL_876_VSled_20220603
2022-06-03,12:24:00,27.075,106.774,0.555,WL_876_VSled_20220603
2022-06-03,12:26:00,27.075,106.584,0.536,WL_876_VSled_20220603
2022-06-03,12:28:00,27.075,106.36,0.513,WL_876_VSled_20220603
2022-06-03,12:30:00,27.075,106.412,0.518,WL_876_VSled_20220603
2022-06-03,12:32:00,27.075,106.222,0.499,WL_876_VSled_20220603
2022-06-03,12:34:00,27.075,106.067,0.483,WL_876_VSled_20220603
2022-06-03,12:36:00,27.075,106.446,0.522,WL_876_VSled_20220603
2022-06-03,12:38:00,27.075,106.687,0.546,WL_876_VSled_20220603
2022-06-03,12:40:00,27.173,106.656,0.544,WL_876_VSled_20220603
2022-06-03,12:42:00,27.173,105.898,0.466,WL_876_VSled_20220603
2022-06-03,12:44:00,27.075,106.274,0.504,WL_876_VSled_20220603
2022-06-03,12:46:00,27.173,106.587,0.536,WL_876_VSled_20220603
2022-06-03,12:48:00,27.173,106.208,0.498,WL_876_VSled_20220603
2022-06-03,12:50:00,27.272,106.572,0.535,WL_876_VSled_20220603
2022-06-03,12:52:00,27.272,106.296,0.507,WL_876_VSled_20220603
2022-06-03,12:54:00,27.272,106.486,0.526,WL_876_VSled_20220603
2022-06-03,12:56:00,27.272,106.555,0.533,WL_876_VSled_20220603
2022-06-03,12:58:00,27.272,106.951,0.574,WL_876_VSled_20220603
2022-06-03,13:00:00,27.37,106.402,0.518,WL_876_VSled_20220603
2022-06-03,13:02:00,27.272,106.417,0.519,WL_876_VSled_20220603
2022-06-03,13:04:00,27.37,106.42,0.52,WL_876_VSled_20220603
2022-06-03,13:06:00,27.37,106.695,0.548,WL_876_VSled_20220603
2022-06-03,13:08:00,27.37,106.644,0.543,WL_876_VSled_20220603
2022-06-03,13:10:00,27.37,106.368,0.515,WL_876_VSled_20220603
2022-06-03,13:12:00,27.468,106.388,0.517,WL_876_VSled_20220603
2022-06-03,13:14:00,27.37,106.558,0.534,WL_876_VSled_20220603
2022-06-03,13:16:00,27.468,106.422,0.52,WL_876_VSled_20220603
2022-06-03,13:18:00,27.468,106.56,0.535,WL_876_VSled_20220603
2022-06-03,13:20:00,27.468,106.836,0.563,WL_876_VSled_20220603
2022-06-03,13:22:00,27.468,106.422,0.52,WL_876_VSled_20220603
2022-06-03,13:24:00,27.468,106.75,0.554,WL_876_VSled_20220603
2022-06-03,13:26:00,27.567,106.167,0.495,WL_876_VSled_20220603
2022-06-03,13:28:00,27.567,106.339,0.512,WL_876_VSled_20220603
2022-06-03,13:30:00,27.567,106.477,0.526,WL_876_VSled_20220603
2022-06-03,13:32:00,27.567,106.908,0.571,WL_876_VSled_20220603
2022-06-03,13:34:00,27.567,106.339,0.512,WL_876_VSled_20220603
2022-06-03,13:36:00,27.665,105.911,0.469,WL_876_VSled_20220603
2022-06-03,13:38:00,27.665,106.307,0.509,WL_876_VSled_20220603
2022-06-03,13:40:00,27.665,105.911,0.469,WL_876_VSled_20220603
2022-06-03,13:42:00,27.665,106.566,0.536,WL_876_VSled_20220603
2022-06-03,13:44:00,27.665,106.186,0.497,WL_876_VSled_20220603
2022-06-03,13:46:00,27.764,106.43,0.522,WL_876_VSled_20220603
2022-06-03,13:48:00,27.665,106.617,0.541,WL_876_VSled_20220603
2022-06-03,13:50:00,27.665,106.721,0.552,WL_876_VSled_20220603
2022-06-03,13:52:00,27.665,106.273,0.506,WL_876_VSled_20220603
2022-06-03,13:54:00,27.665,106.393,0.518,WL_876_VSled_20220603
2022-06-03,13:56:00,27.665,106.755,0.555,WL_876_VSled_20220603
2022-06-03,13:58:00,27.665,106.738,0.553,WL_876_VSled_20220603
2022-06-03,14:00:00,27.665,106.548,0.534,WL_876_VSled_20220603
2022-06-03,14:02:00,27.665,106.669,0.546,WL_876_VSled_20220603
2022-06-03,14:04:00,27.665,106.41,0.52,WL_876_VSled_20220603
2022-06-03,14:06:00,27.665,105.997,0.478,WL_876_VSled_20220603
2022-06-03,14:08:00,27.665,106.393,0.518,WL_876_VSled_20220603
2022-06-03,14:10:00,27.665,106.221,0.501,WL_876_VSled_20220603
2022-06-03,14:12:00,27.665,105.859,0.463,WL_876_VSled_20220603
2022-06-03,14:14:00,27.665,106.255,0.504,WL_876_VSled_20220603
2022-06-03,14:16:00,27.665,106.307,0.509,WL_876_VSled_20220603
2022-06-03,14:18:00,27.665,106.083,0.486,WL_876_VSled_20220603
2022-06-03,14:20:00,27.665,105.911,0.469,WL_876_VSled_20220603
2022-06-03,14:22:00,27.665,106.376,0.516,WL_876_VSled_20220603
2022-06-03,14:24:00,27.665,106.238,0.502,WL_876_VSled_20220603
2022-06-03,14:26:00,27.665,105.894,0.467,WL_876_VSled_20220603
2022-06-03,14:28:00,27.567,106.029,0.481,WL_876_VSled_20220603
2022-06-03,14:30:00,27.665,106.428,0.522,WL_876_VSled_20220603
2022-06-03,14:32:00,27.665,106.514,0.531,WL_876_VSled_20220603
2022-06-03,14:34:00,27.665,106.066,0.485,WL_876_VSled_20220603
2022-06-03,14:36:00,27.567,106.494,0.528,WL_876_VSled_20220603
2022-06-03,14:38:00,27.665,106.238,0.502,WL_876_VSled_20220603
2022-06-03,14:40:00,27.567,105.925,0.47,WL_876_VSled_20220603
2022-06-03,14:42:00,27.567,106.029,0.481,WL_876_VSled_20220603
2022-06-03,14:44:00,27.567,105.633,0.44,WL_876_VSled_20220603
2022-06-03,14:46:00,27.665,106.221,0.501,WL_876_VSled_20220603
2022-06-03,14:48:00,27.567,106.218,0.5,WL_876_VSled_20220603
2022-06-03,14:50:00,27.665,105.842,0.462,WL_876_VSled_20220603
2022-06-03,14:52:00,27.567,105.874,0.465,WL_876_VSled_20220603
2022-06-03,14:54:00,27.567,106.08,0.486,WL_876_VSled_20220603
2022-06-03,14:56:00,27.567,105.667,0.444,WL_876_VSled_20220603
2022-06-03,14:58:00,27.665,106.083,0.486,WL_876_VSled_20220603
2022-06-03,15:00:00,27.567,105.667,0.444,WL_876_VSled_20220603
2022-06-03,15:02:00,27.567,106.304,0.509,WL_876_VSled_20220603
2022-06-03,15:04:00,27.567,106.046,0.482,WL_876_VSled_20220603
2022-06-03,15:06:00,27.567,106.115,0.489,WL_876_VSled_20220603
2022-06-03,15:08:00,27.665,105.98,0.476,WL_876_VSled_20220603
2022-06-03,15:10:00,27.567,106.098,0.488,WL_876_VSled_20220603
2022-06-03,15:12:00,27.567,106.339,0.512,WL_876_VSled_20220603
2022-06-03,15:14:00,27.567,106.063,0.484,WL_876_VSled_20220603
2022-06-03,15:16:00,27.567,106.373,0.516,WL_876_VSled_20220603
2022-06-03,15:18:00,27.567,106.046,0.482,WL_876_VSled_20220603
2022-06-03,15:20:00,27.567,105.753,0.452,WL_876_VSled_20220603
2022-06-03,15:22:00,27.567,106.356,0.514,WL_876_VSled_20220603
2022-06-03,15:24:00,27.567,106.339,0.512,WL_876_VSled_20220603
2022-06-03,15:26:00,27.567,105.943,0.472,WL_876_VSled_20220603
2022-06-03,15:28:00,27.567,106.046,0.482,WL_876_VSled_20220603
2022-06-03,15:30:00,27.567,106.339,0.512,WL_876_VSled_20220603
2022-06-03,15:32:00,27.567,106.08,0.486,WL_876_VSled_20220603
2022-06-03,15:34:00,27.665,106.186,0.497,WL_876_VSled_20220603
2022-06-03,15:36:00,27.567,106.115,0.489,WL_876_VSled_20220603
2022-06-03,15:38:00,27.567,105.856,0.463,WL_876_VSled_20220603
2022-06-03,15:40:00,27.567,106.098,0.488,WL_876_VSled_20220603
2022-06-03,15:42:00,27.567,105.908,0.468,WL_876_VSled_20220603
2022-06-03,15:44:00,27.567,105.908,0.468,WL_876_VSled_20220603
2022-06-03,15:46:00,27.567,105.615,0.438,WL_876_VSled_20220603
2022-06-03,15:48:00,27.567,105.874,0.465,WL_876_VSled_20220603
2022-06-03,15:50:00,27.567,105.874,0.465,WL_876_VSled_20220603
2022-06-03,15:52:00,27.567,105.495,0.426,WL_876_VSled_20220603
2022-06-03,15:54:00,27.567,105.65,0.442,WL_876_VSled_20220603
2022-06-03,15:56:00,27.567,106.029,0.481,WL_876_VSled_20220603
2022-06-03,15:58:00,27.567,106.08,0.486,WL_876_VSled_20220603
2022-06-03,16:00:00,27.567,105.667,0.444,WL_876_VSled_20220603
2022-06-03,16:02:00,27.567,106.167,0.495,WL_876_VSled_20220603
2022-06-03,16:04:00,27.567,105.891,0.466,WL_876_VSled_20220603
2022-06-03,16:06:00,27.567,105.925,0.47,WL_876_VSled_20220603
2022-06-03,16:08:00,27.567,106.011,0.479,WL_876_VSled_20220603
2022-06-03,16:10:00,27.468,105.733,0.45,WL_876_VSled_20220603
2022-06-03,16:12:00,27.468,105.957,0.473,WL_876_VSled_20220603
2022-06-03,16:14:00,27.468,105.785,0.455,WL_876_VSled_20220603
2022-06-03,16:16:00,27.468,105.94,0.471,WL_876_VSled_20220603
2022-06-03,16:18:00,27.468,105.888,0.466,WL_876_VSled_20220603
2022-06-03,16:20:00,27.468,106.216,0.499,WL_876_VSled_20220603
2022-06-03,16:22:00,27.468,106.009,0.478,WL_876_VSled_20220603
2022-06-03,16:24:00,27.468,106.078,0.485,WL_876_VSled_20220603
2022-06-03,16:26:00,27.37,105.748,0.451,WL_876_VSled_20220603
2022-06-03,16:28:00,27.37,105.903,0.467,WL_876_VSled_20220603
2022-06-03,16:30:00,27.37,106.041,0.481,WL_876_VSled_20220603
2022-06-03,16:32:00,27.37,105.558,0.432,WL_876_VSled_20220603
2022-06-03,16:34:00,27.37,105.834,0.46,WL_876_VSled_20220603
2022-06-03,16:36:00,27.37,105.851,0.462,WL_876_VSled_20220603
2022-06-03,16:38:00,27.37,105.868,0.463,WL_876_VSled_20220603
2022-06-03,16:40:00,27.272,105.917,0.468,WL_876_VSled_20220603
2022-06-03,16:42:00,27.272,106.021,0.479,WL_876_VSled_20220603
2022-06-03,16:44:00,27.272,105.642,0.44,WL_876_VSled_20220603
2022-06-03,16:46:00,27.272,105.625,0.438,WL_876_VSled_20220603
2022-06-03,16:48:00,27.272,105.9,0.466,WL_876_VSled_20220603
2022-06-03,16:50:00,27.272,105.504,0.426,WL_876_VSled_20220603
2022-06-03,16:52:00,27.272,105.418,0.417,WL_876_VSled_20220603
2022-06-03,16:54:00,27.272,105.607,0.436,WL_876_VSled_20220603
2022-06-03,16:56:00,27.173,105.588,0.434,WL_876_VSled_20220603
2022-06-03,16:58:00,27.173,105.484,0.424,WL_876_VSled_20220603
2022-06-03,17:00:00,27.173,105.433,0.418,WL_876_VSled_20220603
2022-06-03,17:02:00,27.173,105.467,0.422,WL_876_VSled_20220603
2022-06-03,17:04:00,27.173,105.967,0.473,WL_876_VSled_20220603
2022-06-03,17:06:00,27.173,105.674,0.443,WL_876_VSled_20220603
2022-06-03,17:08:00,27.173,105.846,0.461,WL_876_VSled_20220603
2022-06-03,17:10:00,27.075,105.516,0.427,WL_876_VSled_20220603
2022-06-03,17:12:00,27.173,105.794,0.455,WL_876_VSled_20220603
2022-06-03,17:14:00,27.075,105.189,0.393,WL_876_VSled_20220603
2022-06-03,17:16:00,27.075,105.482,0.423,WL_876_VSled_20220603
2022-06-03,17:18:00,27.075,105.327,0.407,WL_876_VSled_20220603
2022-06-03,17:20:00,27.075,105.344,0.409,WL_876_VSled_20220603
2022-06-03,17:22:00,27.075,105.516,0.427,WL_876_VSled_20220603
2022-06-03,17:24:00,27.075,105.447,0.419,WL_876_VSled_20220603
2022-06-03,17:26:00,27.075,105.585,0.434,WL_876_VSled_20220603
2022-06-03,17:28:00,27.075,105.361,0.411,WL_876_VSled_20220603
2022-06-03,17:30:00,27.075,105.654,0.441,WL_876_VSled_20220603
2022-06-03,17:32:00,27.075,105.051,0.379,WL_876_VSled_20220603
2022-06-03,17:34:00,27.075,105.602,0.435,WL_876_VSled_20220603
2022-06-03,17:36:00,27.075,105.43,0.418,WL_876_VSled_20220603
2022-06-03,17:38:00,27.075,105.447,0.419,WL_876_VSled_20220603
2022-06-03,17:40:00,27.075,105.309,0.405,WL_876_VSled_20220603
2022-06-03,17:42:00,27.075,105.344,0.409,WL_876_VSled_20220603
2022-06-03,17:44:00,27.075,105.275,0.402,WL_876_VSled_20220603
2022-06-03,17:46:00,27.075,105.602,0.435,WL_876_VSled_20220603
2022-06-03,17:48:00,27.075,105.327,0.407,WL_876_VSled_20220603
2022-06-03,17:50:00,27.075,105.516,0.427,WL_876_VSled_20220603
2022-06-03,17:52:00,27.075,105.137,0.388,WL_876_VSled_20220603
2022-06-03,17:54:00,27.075,105.258,0.4,WL_876_VSled_20220603
2022-06-03,17:56:00,26.977,105.221,0.396,WL_876_VSled_20220603
2022-06-03,17:58:00,27.075,104.948,0.368,WL_876_VSled_20220603
2022-06-03,18:00:00,26.977,105.41,0.415,WL_876_VSled_20220603
2022-06-03,18:02:00,26.977,105.358,0.41,WL_876_VSled_20220603
2022-06-03,18:04:00,26.977,105.169,0.391,WL_876_VSled_20220603
2022-06-03,18:06:00,26.977,105.462,0.421,WL_876_VSled_20220603
2022-06-03,18:08:00,26.977,105.135,0.387,WL_876_VSled_20220603
2022-06-03,18:10:00,26.977,105.531,0.428,WL_876_VSled_20220603
2022-06-03,18:12:00,26.977,105.41,0.415,WL_876_VSled_20220603
2022-06-03,18:14:00,26.977,105.1,0.384,WL_876_VSled_20220603
2022-06-03,18:16:00,26.977,105.29,0.403,WL_876_VSled_20220603
2022-06-03,18:18:00,26.977,105.531,0.428,WL_876_VSled_20220603
2022-06-03,18:20:00,26.977,105.203,0.394,WL_876_VSled_20220603
2022-06-03,18:22:00,26.977,105.1,0.384,WL_876_VSled_20220603
2022-06-03,18:24:00,26.879,105.304,0.404,WL_876_VSled_20220603
2022-06-03,18:26:00,26.879,105.149,0.388,WL_876_VSled_20220603
2022-06-03,18:28:00,26.879,104.96,0.369,WL_876_VSled_20220603
2022-06-03,18:30:00,26.879,105.304,0.404,WL_876_VSled_20220603
2022-06-03,18:32:00,26.879,105.253,0.399,WL_876_VSled_20220603
2022-06-03,18:34:00,26.879,104.943,0.367,WL_876_VSled_20220603
2022-06-03,18:36:00,26.879,105.029,0.376,WL_876_VSled_20220603
2022-06-03,18:38:00,26.879,105.27,0.401,WL_876_VSled_20220603
2022-06-03,18:40:00,26.879,104.994,0.372,WL_876_VSled_20220603
2022-06-03,18:42:00,26.879,105.115,0.385,WL_876_VSled_20220603
2022-06-03,18:44:00,26.879,105.373,0.411,WL_876_VSled_20220603
2022-06-03,18:46:00,26.879,105.218,0.395,WL_876_VSled_20220603
2022-06-03,18:48:00,26.879,105.253,0.399,WL_876_VSled_20220603
2022-06-03,18:50:00,26.879,105.011,0.374,WL_876_VSled_20220603
2022-06-03,18:52:00,26.879,105.011,0.374,WL_876_VSled_20220603
2022-06-03,18:54:00,26.879,105.718,0.447,WL_876_VSled_20220603
2022-06-03,18:56:00,26.879,105.356,0.41,WL_876_VSled_20220603
2022-06-03,18:58:00,26.879,105.046,0.378,WL_876_VSled_20220603
2022-06-03,19:00:00,26.879,105.149,0.388,WL_876_VSled_20220603
2022-06-03,19:02:00,26.879,105.321,0.406,WL_876_VSled_20220603
2022-06-03,19:04:00,26.879,105.098,0.383,WL_876_VSled_20220603
2022-06-03,19:06:00,26.879,105.132,0.387,WL_876_VSled_20220603
2022-06-03,19:08:00,26.879,105.063,0.38,WL_876_VSled_20220603
2022-06-03,19:10:00,26.879,105.098,0.383,WL_876_VSled_20220603
2022-06-03,19:12:00,26.781,105.112,0.384,WL_876_VSled_20220603
2022-06-03,19:14:00,26.781,104.94,0.367,WL_876_VSled_20220603
2022-06-03,19:16:00,26.781,105.181,0.391,WL_876_VSled_20220603
2022-06-03,19:18:00,26.781,105.215,0.395,WL_876_VSled_20220603
2022-06-03,19:20:00,26.781,104.871,0.36,WL_876_VSled_20220603
2022-06-03,19:22:00,26.781,105.164,0.39,WL_876_VSled_20220603
2022-06-03,19:24:00,26.781,104.992,0.372,WL_876_VSled_20220603
2022-06-03,19:26:00,26.781,105.405,0.414,WL_876_VSled_20220603
2022-06-03,19:28:00,26.781,105.043,0.377,WL_876_VSled_20220603
2022-06-03,19:30:00,26.781,104.992,0.372,WL_876_VSled_20220603
2022-06-03,19:32:00,26.781,105.215,0.395,WL_876_VSled_20220603
2022-06-03,19:34:00,26.781,104.992,0.372,WL_876_VSled_20220603
2022-06-03,19:36:00,26.781,104.94,0.367,WL_876_VSled_20220603
2022-06-03,19:38:00,26.781,104.699,0.342,WL_876_VSled_20220603
2022-06-03,19:40:00,26.781,105.026,0.375,WL_876_VSled_20220603
2022-06-03,19:42:00,26.781,104.923,0.365,WL_876_VSled_20220603
2022-06-03,19:44:00,26.781,105.267,0.4,WL_876_VSled_20220603
2022-06-03,19:46:00,26.781,104.785,0.351,WL_876_VSled_20220603
2022-06-03,19:48:00,26.683,104.989,0.371,WL_876_VSled_20220603
2022-06-03,19:50:00,26.781,104.957,0.368,WL_876_VSled_20220603
2022-06-03,19:52:00,26.781,104.923,0.365,WL_876_VSled_20220603
2022-06-03,19:54:00,26.781,104.699,0.342,WL_876_VSled_20220603
2022-06-03,19:56:00,26.781,105.164,0.39,WL_876_VSled_20220603
2022-06-03,19:58:00,26.683,104.903,0.363,WL_876_VSled_20220603
2022-06-03,20:00:00,26.683,105.024,0.375,WL_876_VSled_20220603
2022-06-03,20:02:00,26.683,104.955,0.368,WL_876_VSled_20220603
2022-06-03,20:04:00,26.683,104.886,0.361,WL_876_VSled_20220603
2022-06-03,20:06:00,26.683,105.058,0.378,WL_876_VSled_20220603
2022-06-03,20:08:00,26.683,104.989,0.371,WL_876_VSled_20220603
2022-06-03,20:10:00,26.683,104.869,0.359,WL_876_VSled_20220603
2022-06-03,20:12:00,26.683,104.834,0.356,WL_876_VSled_20220603
2022-06-03,20:14:00,26.683,105.075,0.38,WL_876_VSled_20220603
2022-06-03,20:16:00,26.683,104.989,0.371,WL_876_VSled_20220603
2022-06-03,20:18:00,26.683,104.903,0.363,WL_876_VSled_20220603
2022-06-03,20:20:00,26.683,104.972,0.37,WL_876_VSled_20220603
2022-06-03,20:22:00,26.683,105.247,0.398,WL_876_VSled_20220603
2022-06-03,20:24:00,26.683,104.869,0.359,WL_876_VSled_20220603
2022-06-03,20:26:00,26.683,104.869,0.359,WL_876_VSled_20220603
2022-06-03,20:28:00,26.683,104.92,0.364,WL_876_VSled_20220603
2022-06-03,20:30:00,26.683,105.196,0.393,WL_876_VSled_20220603
2022-06-03,20:32:00,26.683,104.869,0.359,WL_876_VSled_20220603
2022-06-03,20:34:00,26.683,105.144,0.387,WL_876_VSled_20220603
2022-06-03,20:36:00,26.683,104.731,0.345,WL_876_VSled_20220603
2022-06-03,20:38:00,26.683,104.765,0.348,WL_876_VSled_20220603
2022-06-03,20:40:00,26.683,104.955,0.368,WL_876_VSled_20220603
2022-06-03,20:42:00,26.683,105.144,0.387,WL_876_VSled_20220603
2022-06-03,20:44:00,26.683,104.989,0.371,WL_876_VSled_20220603
2022-06-03,20:46:00,26.683,104.851,0.357,WL_876_VSled_20220603
2022-06-03,20:48:00,26.683,104.972,0.37,WL_876_VSled_20220603
2022-06-03,20:50:00,26.683,104.869,0.359,WL_876_VSled_20220603
2022-06-03,20:52:00,26.683,104.886,0.361,WL_876_VSled_20220603
2022-06-03,20:54:00,26.683,104.955,0.368,WL_876_VSled_20220603
2022-06-03,20:56:00,26.683,104.834,0.356,WL_876_VSled_20220603
2022-06-03,20:58:00,26.683,104.955,0.368,WL_876_VSled_20220603
2022-06-03,21:00:00,26.683,105.23,0.396,WL_876_VSled_20220603
2022-06-03,21:02:00,26.683,105.196,0.393,WL_876_VSled_20220603
2022-06-03,21:04:00,26.683,104.989,0.371,WL_876_VSled_20220603
2022-06-03,21:06:00,26.585,105.055,0.378,WL_876_VSled_20220603
2022-06-03,21:08:00,26.585,105.245,0.397,WL_876_VSled_20220603
2022-06-03,21:10:00,26.585,104.952,0.367,WL_876_VSled_20220603
2022-06-03,21:12:00,26.585,105.038,0.376,WL_876_VSled_20220603
2022-06-03,21:14:00,26.585,104.883,0.36,WL_876_VSled_20220603
2022-06-03,21:16:00,26.585,104.986,0.371,WL_876_VSled_20220603
2022-06-03,21:18:00,26.585,105.004,0.373,WL_876_VSled_20220603
2022-06-03,21:20:00,26.585,104.9,0.362,WL_876_VSled_20220603
2022-06-03,21:22:00,26.585,104.832,0.355,WL_876_VSled_20220603
2022-06-03,21:24:00,26.585,104.952,0.367,WL_876_VSled_20220603
2022-06-03,21:26:00,26.585,105.038,0.376,WL_876_VSled_20220603
2022-06-03,21:28:00,26.585,105.141,0.387,WL_876_VSled_20220603
2022-06-03,21:30:00,26.585,104.986,0.371,WL_876_VSled_20220603
2022-06-03,21:32:00,26.585,104.952,0.367,WL_876_VSled_20220603
2022-06-03,21:34:00,26.585,105.193,0.392,WL_876_VSled_20220603
2022-06-03,21:36:00,26.585,104.883,0.36,WL_876_VSled_20220603
2022-06-03,21:38:00,26.585,104.952,0.367,WL_876_VSled_20220603
2022-06-03,21:40:00,26.585,105.331,0.406,WL_876_VSled_20220603
2022-06-03,21:42:00,26.585,105.555,0.429,WL_876_VSled_20220603
2022-06-03,21:44:00,26.585,105.073,0.38,WL_876_VSled_20220603
2022-06-03,21:46:00,26.585,105.141,0.387,WL_876_VSled_20220603
2022-06-03,21:48:00,26.585,105.262,0.399,WL_876_VSled_20220603
2022-06-03,21:50:00,26.585,105.314,0.404,WL_876_VSled_20220603
2022-06-03,21:52:00,26.585,105.107,0.383,WL_876_VSled_20220603
2022-06-03,21:54:00,26.585,104.986,0.371,WL_876_VSled_20220603
2022-06-03,21:56:00,26.683,105.144,0.387,WL_876_VSled_20220603
2022-06-03,21:58:00,26.683,105.058,0.378,WL_876_VSled_20220603
2022-06-03,22:00:00,26.585,105.176,0.39,WL_876_VSled_20220603
2022-06-03,22:02:00,26.585,105.434,0.417,WL_876_VSled_20220603
2022-06-03,22:04:00,26.585,105.159,0.388,WL_876_VSled_20220603
2022-06-03,22:06:00,26.585,105.141,0.387,WL_876_VSled_20220603
2022-06-03,22:08:00,26.585,105.004,0.373,WL_876_VSled_20220603
2022-06-03,22:10:00,26.585,105.004,0.373,WL_876_VSled_20220603
2022-06-03,22:12:00,26.585,105.055,0.378,WL_876_VSled_20220603
2022-06-03,22:14:00,26.585,105.124,0.385,WL_876_VSled_20220603
2022-06-03,22:16:00,26.585,105.055,0.378,WL_876_VSled_20220603
2022-06-03,22:18:00,26.585,105.279,0.401,WL_876_VSled_20220603
2022-06-03,22:20:00,26.585,105.038,0.376,WL_876_VSled_20220603
2022-06-03,22:22:00,26.585,105.331,0.406,WL_876_VSled_20220603
2022-06-03,22:24:00,26.585,105.245,0.397,WL_876_VSled_20220603
2022-06-03,22:26:00,26.585,105.469,0.42,WL_876_VSled_20220603
2022-06-03,22:28:00,26.585,105.4,0.413,WL_876_VSled_20220603
2022-06-03,22:30:00,26.585,105.555,0.429,WL_876_VSled_20220603
2022-06-03,22:32:00,26.585,105.348,0.408,WL_876_VSled_20220603
2022-06-03,22:34:00,26.585,105.124,0.385,WL_876_VSled_20220603
2022-06-03,22:36:00,26.585,105.486,0.422,WL_876_VSled_20220603
2022-06-03,22:38:00,26.585,105.434,0.417,WL_876_VSled_20220603
2022-06-03,22:40:00,26.585,105.073,0.38,WL_876_VSled_20220603
2022-06-03,22:42:00,26.585,105.228,0.396,WL_876_VSled_20220603
2022-06-03,22:44:00,26.585,105.537,0.427,WL_876_VSled_20220603
2022-06-03,22:46:00,26.585,105.537,0.427,WL_876_VSled_20220603
2022-06-03,22:48:00,26.585,105.555,0.429,WL_876_VSled_20220603
2022-06-03,22:50:00,26.585,105.624,0.436,WL_876_VSled_20220603
2022-06-03,22:52:00,26.585,105.641,0.438,WL_876_VSled_20220603
2022-06-03,22:54:00,26.585,105.761,0.45,WL_876_VSled_20220603
2022-06-03,22:56:00,26.585,105.71,0.445,WL_876_VSled_20220603
2022-06-03,22:58:00,26.585,105.572,0.431,WL_876_VSled_20220603
2022-06-03,23:00:00,26.585,105.641,0.438,WL_876_VSled_20220603
2022-06-03,23:02:00,26.585,105.847,0.459,WL_876_VSled_20220603
2022-06-03,23:04:00,26.585,105.796,0.454,WL_876_VSled_20220603
2022-06-03,23:06:00,26.585,105.4,0.413,WL_876_VSled_20220603
2022-06-03,23:08:00,26.585,105.572,0.431,WL_876_VSled_20220603
2022-06-03,23:10:00,26.585,105.469,0.42,WL_876_VSled_20220603
2022-06-03,23:12:00,26.585,105.951,0.47,WL_876_VSled_20220603
2022-06-03,23:14:00,26.585,105.624,0.436,WL_876_VSled_20220603
2022-06-03,23:16:00,26.585,105.606,0.434,WL_876_VSled_20220603
2022-06-03,23:18:00,26.585,105.658,0.44,WL_876_VSled_20220603
2022-06-03,23:20:00,26.585,105.692,0.443,WL_876_VSled_20220603
2022-06-03,23:22:00,26.585,105.692,0.443,WL_876_VSled_20220603
2022-06-03,23:24:00,26.585,105.882,0.462,WL_876_VSled_20220603
2022-06-03,23:26:00,26.585,105.624,0.436,WL_876_VSled_20220603
2022-06-03,23:28:00,26.585,106.02,0.477,WL_876_VSled_20220603
2022-06-03,23:30:00,26.585,105.606,0.434,WL_876_VSled_20220603
2022-06-03,23:32:00,26.585,105.486,0.422,WL_876_VSled_20220603
2022-06-03,23:34:00,26.488,106.12,0.487,WL_876_VSled_20220603
2022-06-03,23:36:00,26.585,105.813,0.455,WL_876_VSled_20220603
2022-06-03,23:38:00,26.585,105.83,0.457,WL_876_VSled_20220603
2022-06-03,23:40:00,26.585,105.744,0.448,WL_876_VSled_20220603
2022-06-03,23:42:00,26.585,105.744,0.448,WL_876_VSled_20220603
2022-06-03,23:44:00,26.585,105.572,0.431,WL_876_VSled_20220603
2022-06-03,23:46:00,26.488,105.655,0.439,WL_876_VSled_20220603
2022-06-03,23:48:00,26.488,105.948,0.469,WL_876_VSled_20220603
2022-06-03,23:50:00,26.488,105.845,0.458,WL_876_VSled_20220603
2022-06-03,23:52:00,26.488,105.707,0.444,WL_876_VSled_20220603
2022-06-03,23:54:00,26.488,105.69,0.443,WL_876_VSled_20220603
2022-06-03,23:56:00,26.488,105.879,0.462,WL_876_VSled_20220603
2022-06-03,23:58:00,26.488,105.776,0.451,WL_876_VSled_20220603
2022-06-04,00:00:00,26.488,105.759,0.45,WL_876_VSled_20220603
2022-06-04,00:02:00,26.488,106.052,0.48,WL_876_VSled_20220603
2022-06-04,00:04:00,26.488,105.742,0.448,WL_876_VSled_20220603
2022-06-04,00:06:00,26.488,105.914,0.465,WL_876_VSled_20220603
2022-06-04,00:08:00,26.488,106.086,0.483,WL_876_VSled_20220603
2022-06-04,00:10:00,26.488,106.086,0.483,WL_876_VSled_20220603
2022-06-04,00:12:00,26.488,106.172,0.492,WL_876_VSled_20220603
2022-06-04,00:14:00,26.488,105.897,0.464,WL_876_VSled_20220603
2022-06-04,00:16:00,26.488,105.983,0.473,WL_876_VSled_20220603
2022-06-04,00:18:00,26.488,106.017,0.476,WL_876_VSled_20220603
2022-06-04,00:20:00,26.488,105.828,0.457,WL_876_VSled_20220603
2022-06-04,00:22:00,26.488,105.828,0.457,WL_876_VSled_20220603
2022-06-04,00:24:00,26.488,105.931,0.467,WL_876_VSled_20220603
2022-06-04,00:26:00,26.488,105.793,0.453,WL_876_VSled_20220603
2022-06-04,00:28:00,26.488,106.034,0.478,WL_876_VSled_20220603
2022-06-04,00:30:00,26.488,106.534,0.529,WL_876_VSled_20220603
2022-06-04,00:32:00,26.488,106.241,0.499,WL_876_VSled_20220603
2022-06-04,00:34:00,26.488,105.776,0.451,WL_876_VSled_20220603
2022-06-04,00:36:00,26.488,105.897,0.464,WL_876_VSled_20220603
2022-06-04,00:38:00,26.488,106.017,0.476,WL_876_VSled_20220603
2022-06-04,00:40:00,26.488,106.086,0.483,WL_876_VSled_20220603
2022-06-04,00:42:00,26.488,105.862,0.46,WL_876_VSled_20220603
2022-06-04,00:44:00,26.488,106.189,0.494,WL_876_VSled_20220603
2022-06-04,00:46:00,26.585,106.02,0.477,WL_876_VSled_20220603
2022-06-04,00:48:00,26.488,106.362,0.511,WL_876_VSled_20220603
2022-06-04,00:50:00,26.488,106.224,0.497,WL_876_VSled_20220603
2022-06-04,00:52:00,26.488,105.897,0.464,WL_876_VSled_20220603
2022-06-04,00:54:00,26.488,105.914,0.465,WL_876_VSled_20220603
2022-06-04,00:56:00,26.488,106.327,0.508,WL_876_VSled_20220603
2022-06-04,00:58:00,26.488,105.897,0.464,WL_876_VSled_20220603
2022-06-04,01:00:00,26.488,106.241,0.499,WL_876_VSled_20220603
2022-06-04,01:02:00,26.488,106.086,0.483,WL_876_VSled_20220603
2022-06-04,01:04:00,26.39,106.152,0.49,WL_876_VSled_20220603
2022-06-04,01:06:00,26.488,106.069,0.481,WL_876_VSled_20220603
2022-06-04,01:08:00,26.488,106.293,0.504,WL_876_VSled_20220603
2022-06-04,01:10:00,26.488,106.258,0.501,WL_876_VSled_20220603
2022-06-04,01:12:00,26.488,105.948,0.469,WL_876_VSled_20220603
2022-06-04,01:14:00,26.39,106.238,0.498,WL_876_VSled_20220603
2022-06-04,01:16:00,26.39,105.86,0.46,WL_876_VSled_20220603
2022-06-04,01:18:00,26.39,105.756,0.449,WL_876_VSled_20220603
2022-06-04,01:20:00,26.488,105.948,0.469,WL_876_VSled_20220603
2022-06-04,01:22:00,26.488,106.12,0.487,WL_876_VSled_20220603
2022-06-04,01:24:00,26.488,105.879,0.462,WL_876_VSled_20220603
2022-06-04,01:26:00,26.488,105.845,0.458,WL_876_VSled_20220603
2022-06-04,01:28:00,26.488,105.965,0.471,WL_876_VSled_20220603
2022-06-04,01:30:00,26.488,105.897,0.464,WL_876_VSled_20220603
2022-06-04,01:32:00,26.39,105.705,0.444,WL_876_VSled_20220603
2022-06-04,01:34:00,26.488,105.897,0.464,WL_876_VSled_20220603
2022-06-04,01:36:00,26.488,106.344,0.509,WL_876_VSled_20220603
2022-06-04,01:38:00,26.39,105.877,0.461,WL_876_VSled_20220603
2022-06-04,01:40:00,26.488,106.362,0.511,WL_876_VSled_20220603
2022-06-04,01:42:00,26.488,105.914,0.465,WL_876_VSled_20220603
2022-06-04,01:44:00,26.39,105.86,0.46,WL_876_VSled_20220603
2022-06-04,01:46:00,26.39,106.204,0.495,WL_876_VSled_20220603
2022-06-04,01:48:00,26.39,105.722,0.446,WL_876_VSled_20220603
2022-06-04,01:50:00,26.39,105.928,0.467,WL_876_VSled_20220603
2022-06-04,01:52:00,26.39,105.963,0.47,WL_876_VSled_20220603
2022-06-04,01:54:00,26.39,105.739,0.447,WL_876_VSled_20220603
2022-06-04,01:56:00,26.39,105.687,0.442,WL_876_VSled_20220603
2022-06-04,01:58:00,26.488,105.724,0.446,WL_876_VSled_20220603
2022-06-04,02:00:00,26.488,105.845,0.458,WL_876_VSled_20220603
2022-06-04,02:02:00,26.488,106.103,0.485,WL_876_VSled_20220603
2022-06-04,02:04:00,26.488,105.862,0.46,WL_876_VSled_20220603
2022-06-04,02:06:00,26.488,105.535,0.427,WL_876_VSled_20220603
2022-06-04,02:08:00,26.488,105.828,0.457,WL_876_VSled_20220603
2022-06-04,02:10:00,26.488,105.776,0.451,WL_876_VSled_20220603
2022-06-04,02:12:00,26.488,105.828,0.457,WL_876_VSled_20220603
2022-06-04,02:14:00,26.488,105.965,0.471,WL_876_VSled_20220603
2022-06-04,02:16:00,26.488,105.707,0.444,WL_876_VSled_20220603
2022-06-04,02:18:00,26.488,105.742,0.448,WL_876_VSled_20220603
2022-06-04,02:20:00,26.39,105.722,0.446,WL_876_VSled_20220603
2022-06-04,02:22:00,26.488,105.655,0.439,WL_876_VSled_20220603
2022-06-04,02:24:00,26.488,106.017,0.476,WL_876_VSled_20220603
2022-06-04,02:26:00,26.488,105.897,0.464,WL_876_VSled_20220603
2022-06-04,02:28:00,26.39,105.791,0.453,WL_876_VSled_20220603
2022-06-04,02:30:00,26.488,105.69,0.443,WL_876_VSled_20220603
2022-06-04,02:32:00,26.488,105.793,0.453,WL_876_VSled_20220603
2022-06-04,02:34:00,26.488,105.81,0.455,WL_876_VSled_20220603
2022-06-04,02:36:00,26.488,105.776,0.451,WL_876_VSled_20220603
2022-06-04,02:38:00,26.488,105.879,0.462,WL_876_VSled_20220603
2022-06-04,02:40:00,26.488,105.742,0.448,WL_876_VSled_20220603
2022-06-04,02:42:00,26.488,105.604,0.434,WL_876_VSled_20220603
2022-06-04,02:44:00,26.488,105.432,0.416,WL_876_VSled_20220603
2022-06-04,02:46:00,26.488,106.086,0.483,WL_876_VSled_20220603
2022-06-04,02:48:00,26.488,106.172,0.492,WL_876_VSled_20220603
2022-06-04,02:50:00,26.488,105.5,0.423,WL_876_VSled_20220603
2022-06-04,02:52:00,26.488,105.965,0.471,WL_876_VSled_20220603
2022-06-04,02:54:00,26.488,105.518,0.425,WL_876_VSled_20220603
2022-06-04,02:56:00,26.488,105.828,0.457,WL_876_VSled_20220603
2022-06-04,02:58:00,26.488,105.449,0.418,WL_876_VSled_20220603
2022-06-04,03:00:00,26.488,105.5,0.423,WL_876_VSled_20220603
2022-06-04,03:02:00,26.488,105.587,0.432,WL_876_VSled_20220603
2022-06-04,03:04:00,26.488,105.569,0.43,WL_876_VSled_20220603
2022-06-04,03:06:00,26.488,105.897,0.464,WL_876_VSled_20220603
2022-06-04,03:08:00,26.488,105.655,0.439,WL_876_VSled_20220603
2022-06-04,03:10:00,26.39,105.894,0.463,WL_876_VSled_20220603
2022-06-04,03:12:00,26.39,105.653,0.438,WL_876_VSled_20220603
2022-06-04,03:14:00,26.488,106,0.474,WL_876_VSled_20220603
2022-06-04,03:16:00,26.488,106.138,0.488,WL_876_VSled_20220603
2022-06-04,03:18:00,26.39,105.739,0.447,WL_876_VSled_20220603
2022-06-04,03:20:00,26.39,105.705,0.444,WL_876_VSled_20220603
2022-06-04,03:22:00,26.39,105.67,0.44,WL_876_VSled_20220603
2022-06-04,03:24:00,26.39,105.584,0.431,WL_876_VSled_20220603
2022-06-04,03:26:00,26.488,105.5,0.423,WL_876_VSled_20220603
2022-06-04,03:28:00,26.488,105.673,0.441,WL_876_VSled_20220603
2022-06-04,03:30:00,26.488,105.139,0.386,WL_876_VSled_20220603
2022-06-04,03:32:00,26.39,105.894,0.463,WL_876_VSled_20220603
2022-06-04,03:34:00,26.488,105.569,0.43,WL_876_VSled_20220603
2022-06-04,03:36:00,26.39,105.911,0.465,WL_876_VSled_20220603
2022-06-04,03:38:00,26.39,105.67,0.44,WL_876_VSled_20220603
2022-06-04,03:40:00,26.39,105.515,0.424,WL_876_VSled_20220603
2022-06-04,03:42:00,26.39,105.687,0.442,WL_876_VSled_20220603
2022-06-04,03:44:00,26.39,105.877,0.461,WL_876_VSled_20220603
2022-06-04,03:46:00,26.39,105.481,0.421,WL_876_VSled_20220603
2022-06-04,03:48:00,26.39,105.532,0.426,WL_876_VSled_20220603
2022-06-04,03:50:00,26.39,105.481,0.421,WL_876_VSled_20220603
2022-06-04,03:52:00,26.39,105.291,0.401,WL_876_VSled_20220603
2022-06-04,03:54:00,26.488,105.414,0.414,WL_876_VSled_20220603
2022-06-04,03:56:00,26.39,105.481,0.421,WL_876_VSled_20220603
2022-06-04,03:58:00,26.39,105.343,0.407,WL_876_VSled_20220603
2022-06-04,04:00:00,26.39,105.205,0.393,WL_876_VSled_20220603
2022-06-04,04:02:00,26.39,105.395,0.412,WL_876_VSled_20220603
2022-06-04,04:04:00,26.39,105.705,0.444,WL_876_VSled_20220603
2022-06-04,04:06:00,26.39,105.291,0.401,WL_876_VSled_20220603
2022-06-04,04:08:00,26.39,105.55,0.428,WL_876_VSled_20220603
2022-06-04,04:10:00,26.39,105.412,0.414,WL_876_VSled_20220603
2022-06-04,04:12:00,26.39,105.687,0.442,WL_876_VSled_20220603
2022-06-04,04:14:00,26.39,105.532,0.426,WL_876_VSled_20220603
2022-06-04,04:16:00,26.39,105.291,0.401,WL_876_VSled_20220603
2022-06-04,04:18:00,26.39,105.291,0.401,WL_876_VSled_20220603
2022-06-04,04:20:00,26.39,105.343,0.407,WL_876_VSled_20220603
2022-06-04,04:22:00,26.39,105.601,0.433,WL_876_VSled_20220603
2022-06-04,04:24:00,26.39,105.24,0.396,WL_876_VSled_20220603
2022-06-04,04:26:00,26.39,105.36,0.408,WL_876_VSled_20220603
2022-06-04,04:28:00,26.39,105.463,0.419,WL_876_VSled_20220603
2022-06-04,04:30:00,26.39,105.567,0.43,WL_876_VSled_20220603
2022-06-04,04:32:00,26.39,105.395,0.412,WL_876_VSled_20220603
2022-06-04,04:34:00,26.39,105.515,0.424,WL_876_VSled_20220603
2022-06-04,04:36:00,26.39,105.308,0.403,WL_876_VSled_20220603
2022-06-04,04:38:00,26.39,105.515,0.424,WL_876_VSled_20220603
2022-06-04,04:40:00,26.39,105.153,0.387,WL_876_VSled_20220603
2022-06-04,04:42:00,26.39,105.429,0.416,WL_876_VSled_20220603
2022-06-04,04:44:00,26.39,105.24,0.396,WL_876_VSled_20220603
2022-06-04,04:46:00,26.39,105.257,0.398,WL_876_VSled_20220603
2022-06-04,04:48:00,26.39,105.567,0.43,WL_876_VSled_20220603
2022-06-04,04:50:00,26.39,105.24,0.396,WL_876_VSled_20220603
2022-06-04,04:52:00,26.39,105.291,0.401,WL_876_VSled_20220603
2022-06-04,04:54:00,26.39,105.257,0.398,WL_876_VSled_20220603
2022-06-04,04:56:00,26.39,105.498,0.423,WL_876_VSled_20220603
2022-06-04,04:58:00,26.39,105.532,0.426,WL_876_VSled_20220603
2022-06-04,05:00:00,26.39,105.102,0.382,WL_876_VSled_20220603
2022-06-04,05:02:00,26.39,105.188,0.391,WL_876_VSled_20220603
2022-06-04,05:04:00,26.39,105.377,0.41,WL_876_VSled_20220603
2022-06-04,05:06:00,26.292,105.134,0.385,WL_876_VSled_20220603
2022-06-04,05:08:00,26.292,105.203,0.392,WL_876_VSled_20220603
2022-06-04,05:10:00,26.39,105.067,0.378,WL_876_VSled_20220603
2022-06-04,05:12:00,26.39,105.102,0.382,WL_876_VSled_20220603
2022-06-04,05:14:00,26.39,105.171,0.389,WL_876_VSled_20220603
2022-06-04,05:16:00,26.39,105.326,0.405,WL_876_VSled_20220603
2022-06-04,05:18:00,26.39,105.205,0.393,WL_876_VSled_20220603
2022-06-04,05:20:00,26.39,105.119,0.384,WL_876_VSled_20220603
2022-06-04,05:22:00,26.39,105.308,0.403,WL_876_VSled_20220603
2022-06-04,05:24:00,26.39,105.188,0.391,WL_876_VSled_20220603
2022-06-04,05:26:00,26.39,105.274,0.4,WL_876_VSled_20220603
2022-06-04,05:28:00,26.292,105.254,0.397,WL_876_VSled_20220603
2022-06-04,05:30:00,26.292,105.013,0.373,WL_876_VSled_20220603
2022-06-04,05:32:00,26.292,105.168,0.389,WL_876_VSled_20220603
2022-06-04,05:34:00,26.292,105.082,0.38,WL_876_VSled_20220603
2022-06-04,05:36:00,26.292,104.996,0.371,WL_876_VSled_20220603
2022-06-04,05:38:00,26.292,105.099,0.381,WL_876_VSled_20220603
2022-06-04,05:40:00,26.292,105.151,0.387,WL_876_VSled_20220603
2022-06-04,05:42:00,26.292,105.134,0.385,WL_876_VSled_20220603
2022-06-04,05:44:00,26.292,105.013,0.373,WL_876_VSled_20220603
2022-06-04,05:46:00,26.292,105.065,0.378,WL_876_VSled_20220603
2022-06-04,05:48:00,26.292,104.927,0.364,WL_876_VSled_20220603
2022-06-04,05:50:00,26.292,104.944,0.366,WL_876_VSled_20220603
2022-06-04,05:52:00,26.292,105.151,0.387,WL_876_VSled_20220603
2022-06-04,05:54:00,26.292,104.996,0.371,WL_876_VSled_20220603
2022-06-04,05:56:00,26.292,105.03,0.374,WL_876_VSled_20220603
2022-06-04,05:58:00,26.292,104.91,0.362,WL_876_VSled_20220603
2022-06-04,06:00:00,26.292,104.979,0.369,WL_876_VSled_20220603
2022-06-04,06:02:00,26.292,105.048,0.376,WL_876_VSled_20220603
2022-06-04,06:04:00,26.292,105.099,0.381,WL_876_VSled_20220603
2022-06-04,06:06:00,26.292,104.944,0.366,WL_876_VSled_20220603
2022-06-04,06:08:00,26.292,104.875,0.359,WL_876_VSled_20220603
2022-06-04,06:10:00,26.292,105.065,0.378,WL_876_VSled_20220603
2022-06-04,06:12:00,26.292,104.893,0.36,WL_876_VSled_20220603
2022-06-04,06:14:00,26.292,104.944,0.366,WL_876_VSled_20220603
2022-06-04,06:16:00,26.292,105.03,0.374,WL_876_VSled_20220603
2022-06-04,06:18:00,26.292,104.824,0.353,WL_876_VSled_20220603
2022-06-04,06:20:00,26.292,104.91,0.362,WL_876_VSled_20220603
2022-06-04,06:22:00,26.292,104.996,0.371,WL_876_VSled_20220603
2022-06-04,06:24:00,26.292,104.738,0.345,WL_876_VSled_20220603
2022-06-04,06:26:00,26.292,104.893,0.36,WL_876_VSled_20220603
2022-06-04,06:28:00,26.292,104.824,0.353,WL_876_VSled_20220603
2022-06-04,06:30:00,26.292,104.807,0.352,WL_876_VSled_20220603
2022-06-04,06:32:00,26.292,105.082,0.38,WL_876_VSled_20220603
2022-06-04,06:34:00,26.292,105.099,0.381,WL_876_VSled_20220603
2022-06-04,06:36:00,26.292,105.013,0.373,WL_876_VSled_20220603
2022-06-04,06:38:00,26.292,104.996,0.371,WL_876_VSled_20220603
2022-06-04,06:40:00,26.292,105.048,0.376,WL_876_VSled_20220603
2022-06-04,06:42:00,26.292,104.979,0.369,WL_876_VSled_20220603
2022-06-04,06:44:00,26.292,104.789,0.35,WL_876_VSled_20220603
2022-06-04,06:46:00,26.292,104.996,0.371,WL_876_VSled_20220603
2022-06-04,06:48:00,26.195,104.838,0.354,WL_876_VSled_20220603
2022-06-04,06:50:00,26.292,104.858,0.357,WL_876_VSled_20220603
2022-06-04,06:52:00,26.292,104.858,0.357,WL_876_VSled_20220603
2022-06-04,06:54:00,26.195,104.821,0.353,WL_876_VSled_20220603
2022-06-04,06:56:00,26.195,104.821,0.353,WL_876_VSled_20220603
2022-06-04,06:58:00,26.195,104.873,0.358,WL_876_VSled_20220603
2022-06-04,07:00:00,26.292,104.979,0.369,WL_876_VSled_20220603
2022-06-04,07:02:00,26.195,104.752,0.346,WL_876_VSled_20220603
2022-06-04,07:04:00,26.195,104.959,0.367,WL_876_VSled_20220603
2022-06-04,07:06:00,26.292,104.772,0.348,WL_876_VSled_20220603
2022-06-04,07:08:00,26.195,104.804,0.351,WL_876_VSled_20220603
2022-06-04,07:10:00,26.292,104.807,0.352,WL_876_VSled_20220603
2022-06-04,07:12:00,26.195,104.89,0.36,WL_876_VSled_20220603
2022-06-04,07:14:00,26.292,104.962,0.367,WL_876_VSled_20220603
2022-06-04,07:16:00,26.292,104.893,0.36,WL_876_VSled_20220603
2022-06-04,07:18:00,26.292,104.996,0.371,WL_876_VSled_20220603
2022-06-04,07:20:00,26.292,105.116,0.383,WL_876_VSled_20220603
2022-06-04,07:22:00,26.292,104.807,0.352,WL_876_VSled_20220603
2022-06-04,07:24:00,26.292,104.875,0.359,WL_876_VSled_20220603
2022-06-04,07:26:00,26.195,104.942,0.365,WL_876_VSled_20220603
2022-06-04,07:28:00,26.195,104.752,0.346,WL_876_VSled_20220603
2022-06-04,07:30:00,26.195,104.907,0.362,WL_876_VSled_20220603
2022-06-04,07:32:00,26.195,105.183,0.39,WL_876_VSled_20220603
2022-06-04,07:34:00,26.292,104.875,0.359,WL_876_VSled_20220603
2022-06-04,07:36:00,26.195,104.856,0.356,WL_876_VSled_20220603
2022-06-04,07:38:00,26.195,104.684,0.339,WL_876_VSled_20220603
2022-06-04,07:40:00,26.195,104.821,0.353,WL_876_VSled_20220603
2022-06-04,07:42:00,26.292,104.807,0.352,WL_876_VSled_20220603
2022-06-04,07:44:00,26.195,104.959,0.367,WL_876_VSled_20220603
2022-06-04,07:46:00,26.292,104.703,0.341,WL_876_VSled_20220603
2022-06-04,07:48:00,26.195,104.735,0.344,WL_876_VSled_20220603
2022-06-04,07:50:00,26.195,105.011,0.372,WL_876_VSled_20220603
2022-06-04,07:52:00,26.195,104.752,0.346,WL_876_VSled_20220603
2022-06-04,07:54:00,26.195,104.684,0.339,WL_876_VSled_20220603
2022-06-04,07:56:00,26.195,104.787,0.349,WL_876_VSled_20220603
2022-06-04,07:58:00,26.195,104.735,0.344,WL_876_VSled_20220603
2022-06-04,08:00:00,26.195,104.821,0.353,WL_876_VSled_20220603
2022-06-04,08:02:00,26.195,104.976,0.369,WL_876_VSled_20220603
2022-06-04,08:04:00,26.292,104.703,0.341,WL_876_VSled_20220603
2022-06-04,08:06:00,26.292,104.686,0.339,WL_876_VSled_20220603
2022-06-04,08:08:00,26.292,104.755,0.346,WL_876_VSled_20220603
2022-06-04,08:10:00,26.292,104.858,0.357,WL_876_VSled_20220603
2022-06-04,08:12:00,26.292,104.686,0.339,WL_876_VSled_20220603
2022-06-04,08:14:00,26.292,104.652,0.336,WL_876_VSled_20220603
